id,date,first_name,gender,age,bank
1,8/21/2020,Giorgi,Genderqueer,76,6256
2,6/3/2021,Ondrea,Genderfluid,17,7975
3,2/18/2021,Mylo,Bigender,21,5527
4,6/28/2020,Yance,Male,93,2433
5,2/17/2021,,Genderqueer,21,8022
6,7/18/2020,Donovan,Polygender,75,2079
7,9/17/2020,Peirce,Bigender,52,6927
8,8/23/2020,Lettie,Female,16,2539
9,5/18/2021,Lane,Male,39,4093
10,12/29/2020,Wini,Non-binary,2,5239
11,2/15/2021,Agosto,Genderqueer,5,8338
12,2/8/2021,Allianora,Genderfluid,2,3061
13,11/26/2020,Wheeler,Female,36,5131
14,10/19/2020,Ikey,Genderfluid,63,3340
15,11/30/2020,Coraline,Bigender,7,4766
16,5/1/2021,Elinor,Agender,9,7146
17,12/10/2020,Flory,Genderqueer,97,2891
18,2/6/2021,Maiga,Non-binary,53,7680
19,7/24/2020,Thomasa,Polygender,,
20,8/7/2020,Gasper,Genderfluid,86,2196
21,7/4/2020,Theressa,Bigender,46,
22,4/24/2021,Sadye,Male,31,9375
23,11/14/2020,Georgia,Genderqueer,100,7883
24,10/25/2020,Obadias,Polygender,7,6604
25,4/8/2021,Brenda,Agender,1,3014
26,12/15/2020,Phillipp,Genderfluid,88,8784
27,9/30/2020,,Non-binary,29,6235
28,11/27/2020,Brnaby,Female,32,1256
29,12/31/2020,,Male,43,2864
30,2/25/2021,,Genderfluid,71,4766
31,5/24/2021,Madeline,Genderfluid,66,5117
32,5/8/2021,Pearce,Male,58,8792
33,12/26/2020,Suzanna,Bigender,71,6612
34,12/10/2020,Ashely,Female,58,9299
35,8/1/2020,Dana,Agender,49,3099
36,8/30/2020,Urbanus,Genderfluid,27,7063
37,2/6/2021,Tessy,Bigender,53,5116
38,3/13/2021,Bucky,Genderfluid,44,7595
39,10/9/2020,Dorene,Agender,7,4673
40,8/22/2020,Ilaire,Male,75,7300
41,7/26/2020,Tommy,Non-binary,74,7456
42,4/30/2021,Nanny,Bigender,35,7564
43,5/11/2021,Barbette,Agender,71,1763
44,10/17/2020,Hermann,Female,,1979
45,11/13/2020,Gib,Genderfluid,54,5621
46,8/5/2020,Alexa,Female,,2369
47,9/27/2020,Hyacintha,Polygender,73,
48,11/8/2020,Jodie,,8,3696
49,6/8/2020,Jo,Non-binary,80,9456
50,2/17/2021,Lance,Polygender,1,6658
51,,Noble,Bigender,1,3991
52,10/14/2020,Jewell,Non-binary,80,3971
53,9/22/2020,Cordelia,Agender,58,3982
54,4/6/2021,Jeff,Non-binary,82,1799
55,11/11/2020,Florella,Genderfluid,96,5145
56,3/11/2021,Mozes,Bigender,93,3762
57,10/2/2020,Orella,Agender,51,3114
58,11/25/2020,Ramona,Genderfluid,58,5113
59,2/4/2021,Cathe,Female,62,8436
60,12/25/2020,Alfonso,Male,70,5180
61,7/26/2020,Charmine,Genderfluid,93,6709
62,2/16/2021,Remus,Female,13,
63,12/3/2020,Britney,Agender,55,3770
64,10/29/2020,Ros,Non-binary,93,9337
65,1/28/2021,Auberta,Male,67,9050
66,6/26/2020,Brock,Genderfluid,37,9056
67,8/23/2020,Morly,Genderfluid,52,4338
68,1/6/2021,Luz,Bigender,28,3195
69,1/25/2021,Whitman,Genderqueer,79,2384
70,8/1/2020,Laraine,Polygender,10,9907
71,2/21/2021,Michal,Agender,48,2877
72,12/6/2020,Julietta,Agender,84,1193
73,8/11/2020,Janet,Agender,18,5516
74,4/19/2021,Sheelah,Polygender,89,5116
75,6/18/2020,Cullie,Bigender,8,5564
76,5/20/2021,Bili,Agender,70,8602
77,11/3/2020,Clayborne,Polygender,47,4984
78,2/2/2021,Ardenia,Non-binary,,7918
79,11/12/2020,Alfreda,Genderfluid,58,2585
80,3/14/2021,Chrissy,Agender,82,1248
81,,Meir,Female,16,4372
82,7/6/2020,Marcelo,Agender,56,1622
83,10/21/2020,Allison,Bigender,8,5799
84,6/7/2021,Melisenda,Bigender,,3955
85,11/27/2020,Gerianne,Genderqueer,43,4992
86,6/21/2020,Leonie,Non-binary,60,6445
87,7/28/2020,Ashlin,Non-binary,75,7237
88,9/4/2020,,Genderfluid,72,8496
89,8/26/2020,Elberta,Genderfluid,9,5307
90,4/11/2021,Hogan,Agender,89,7428
91,1/5/2021,Austin,Genderfluid,69,
92,5/7/2021,Eugenius,Polygender,19,5968
93,11/8/2020,Washington,Polygender,26,
94,7/6/2020,Erich,Non-binary,98,8562
95,6/13/2020,Laryssa,Male,67,8088
96,8/27/2020,Federico,Non-binary,2,3853
97,2/14/2021,Almeta,,39,3527
98,7/28/2020,Dorise,Genderqueer,5,3301
99,8/19/2020,Evaleen,Female,90,6031
100,12/20/2020,Dennie,Non-binary,29,4353
101,5/31/2021,Jaquelin,Male,90,3448
102,10/23/2020,Jolynn,Male,22,6565
103,6/1/2021,Hammad,Polygender,27,5960
104,8/27/2020,Bobbette,Agender,97,9369
105,8/17/2020,Dunn,Agender,99,
106,4/18/2021,Jay,Male,29,8031
107,1/4/2021,Ward,Bigender,40,5968
108,9/18/2020,Sherwynd,Female,5,3686
109,3/29/2021,Florence,Bigender,16,1867
110,11/15/2020,Layne,Non-binary,,4577
111,7/31/2020,Martino,Agender,46,9836
112,4/28/2021,Timmie,Genderfluid,12,2414
113,10/13/2020,Weider,Male,1,9725
114,3/24/2021,Seka,Polygender,70,1624
115,10/16/2020,Melinde,Female,14,6112
116,3/25/2021,Darb,Male,80,8624
117,5/2/2021,Uriah,Agender,93,7383
118,7/21/2020,Quincy,Bigender,14,7620
119,8/17/2020,Lindi,Non-binary,53,8127
120,5/19/2021,Toiboid,Agender,18,1626
121,2/28/2021,Gerty,Agender,100,5405
122,5/27/2021,Ddene,Genderqueer,1,4085
123,7/30/2020,Pauly,Female,88,2697
124,3/9/2021,Dewie,Female,57,6619
125,5/9/2021,Lorenza,Female,,6928
126,5/26/2021,Read,,66,6633
127,3/19/2021,Reiko,Genderfluid,26,4690
128,1/29/2021,Alaine,Agender,75,6249
129,7/17/2020,Alyss,Genderfluid,44,
130,11/15/2020,Hughie,Polygender,82,5801
131,1/14/2021,Doralin,Polygender,44,8529
132,7/29/2020,Bendick,Genderqueer,46,8653
133,8/23/2020,Ettore,Agender,46,1026
134,8/2/2020,Cordey,Genderfluid,79,8888
135,7/10/2020,Curr,Agender,2,2265
136,5/1/2021,Jaquenetta,Agender,14,3478
137,1/8/2021,Mathilde,,7,6717
138,6/8/2020,Dian,,66,5966
139,12/27/2020,Noni,Male,37,4403
140,12/4/2020,Rollin,Agender,84,4699
141,1/7/2021,Eirena,Genderqueer,89,3676
142,12/27/2020,Homer,Agender,33,6261
143,1/15/2021,Trev,Non-binary,2,2909
144,5/12/2021,Willi,Male,86,
145,10/26/2020,Jorey,Female,57,7477
146,,Michele,Genderfluid,72,7639
147,1/11/2021,Rudyard,Genderfluid,77,5492
148,6/2/2021,Matt,Genderqueer,15,6750
149,8/16/2020,Neile,Agender,,6945
150,11/26/2020,Ruben,Genderqueer,55,5153
151,10/4/2020,Corey,Female,81,9646
152,3/12/2021,Den,Non-binary,34,3231
153,6/23/2020,Corly,Genderfluid,90,5435
154,9/18/2020,Jelene,Agender,16,
155,7/25/2020,,Male,83,3489
156,2/5/2021,Ephrayim,Agender,40,
157,11/13/2020,Rozanna,Genderqueer,73,9587
158,7/8/2020,Hobard,Male,99,3794
159,7/12/2020,,Agender,88,3531
160,1/28/2021,Rudie,Polygender,96,3087
161,5/15/2021,Petronilla,Male,95,5517
162,1/17/2021,Saidee,Female,20,2984
163,5/2/2021,Saba,Polygender,74,9415
164,1/27/2021,Lonna,Bigender,50,9181
165,8/5/2020,Maura,Polygender,66,1534
166,6/7/2021,Lane,Agender,66,4297
167,3/23/2021,Corette,Agender,13,1387
168,9/17/2020,Tris,Polygender,54,3576
169,8/10/2020,Blayne,Genderqueer,57,9535
170,8/31/2020,Carol-jean,Polygender,81,2365
171,9/30/2020,Wynny,Non-binary,26,3207
172,10/16/2020,Bethina,Polygender,,5116
173,8/30/2020,Perice,Agender,100,8649
174,6/17/2020,Cele,Male,87,5582
175,10/8/2020,Fitzgerald,Genderqueer,97,4874
176,1/3/2021,,Bigender,14,3434
177,5/7/2021,Sharl,Non-binary,16,3530
178,10/23/2020,,Agender,91,6271
179,11/4/2020,Dean,Genderfluid,99,8454
180,12/8/2020,Roanne,Female,72,3389
181,2/21/2021,Griselda,Genderqueer,40,5992
182,1/2/2021,Suki,Genderfluid,95,5970
183,5/1/2021,Maud,Genderqueer,14,7861
184,7/30/2020,Bobbi,Bigender,43,2329
185,6/7/2021,Leif,Male,24,3630
186,6/4/2021,Kandy,Polygender,79,6408
187,8/7/2020,Malvina,Genderfluid,18,3152
188,5/13/2021,Brockie,Bigender,61,2131
189,7/8/2020,Jaymie,Bigender,28,2177
190,10/28/2020,Kendal,Agender,57,6029
191,7/1/2020,Stephana,,95,7588
192,4/4/2021,Seka,Polygender,92,9758
193,2/13/2021,Stormie,Female,12,2382
194,1/17/2021,,Genderfluid,32,3004
195,8/5/2020,Gage,Male,37,5400
196,2/21/2021,Vitia,Agender,21,2410
197,3/9/2021,Morlee,Female,,7693
198,10/19/2020,Robby,,92,3518
199,7/29/2020,Peder,Bigender,95,4580
200,3/7/2021,Denys,Agender,75,3893
201,10/4/2020,Bambi,Polygender,47,5655
202,8/26/2020,Chance,Male,18,7560
203,12/31/2020,Alphonso,Bigender,13,4666
204,4/14/2021,Cecil,Agender,88,5691
205,10/12/2020,Dav,Polygender,86,1825
206,7/2/2020,Cly,Male,96,9967
207,11/14/2020,Zenia,Agender,44,3773
208,4/29/2021,Tyler,Genderfluid,52,3592
209,2/16/2021,,Agender,67,4285
210,6/28/2020,De,Genderfluid,78,1460
211,2/15/2021,Errol,Non-binary,77,1898
212,4/8/2021,Heloise,Non-binary,,6456
213,6/7/2021,Sydney,,41,1680
214,5/10/2021,Madge,Agender,87,3848
215,5/16/2021,Hendrika,Non-binary,91,1385
216,1/23/2021,Pen,Agender,95,4031
217,4/17/2021,Claude,Male,65,2996
218,,Caralie,Bigender,37,4676
219,5/8/2021,Redd,Agender,42,7793
220,7/24/2020,Annora,Female,7,8054
221,3/10/2021,Georas,Bigender,21,9396
222,9/7/2020,Ruthe,Bigender,,5152
223,3/16/2021,Bernadine,Bigender,84,3898
224,10/13/2020,Gerhard,Non-binary,10,7955
225,2/13/2021,Blondelle,Genderfluid,4,7686
226,3/18/2021,Cicily,,,8770
227,8/17/2020,Bertina,Genderfluid,71,1185
228,9/29/2020,Cassey,Non-binary,11,3803
229,1/6/2021,Finley,Male,28,4478
230,5/26/2021,Roseann,Non-binary,24,1157
231,6/20/2020,,Genderqueer,94,4534
232,3/3/2021,Dru,Genderfluid,65,3609
233,6/30/2020,Hastie,Male,40,3166
234,9/8/2020,Demetrius,Genderqueer,50,9095
235,,Ciro,Non-binary,17,4347
236,1/12/2021,Salome,Agender,70,1569
237,9/27/2020,Igor,Bigender,,5913
238,5/23/2021,Hansiain,Genderqueer,45,2882
239,9/9/2020,Hetti,Non-binary,96,5925
240,10/19/2020,Aila,Male,94,8231
241,,Tiebout,Male,39,
242,12/17/2020,Garwood,Non-binary,33,7560
243,6/10/2020,Emmye,Genderqueer,69,7641
244,7/20/2020,Correna,Genderfluid,20,6874
245,5/3/2021,Shanie,Bigender,72,9330
246,3/21/2021,Christoforo,Bigender,46,3259
247,3/8/2021,Lolita,Polygender,70,2054
248,2/15/2021,,Agender,30,9152
249,5/8/2021,Brendon,,25,1835
250,5/30/2021,Harmonie,Polygender,93,3288
251,12/7/2020,Carlye,Non-binary,46,8244
252,10/9/2020,Alverta,Non-binary,,9389
253,6/23/2020,Iago,Genderqueer,47,9462
254,4/26/2021,Hatti,Genderfluid,35,2826
255,1/21/2021,Evin,Genderfluid,41,1813
256,4/3/2021,Kerby,Male,91,8671
257,11/2/2020,Walther,Bigender,20,5795
258,3/24/2021,Lock,Bigender,85,7225
259,10/4/2020,Hugues,Female,33,7714
260,5/5/2021,Barry,Genderqueer,80,2374
261,7/24/2020,Eugen,Genderfluid,11,3474
262,7/11/2020,Rurik,,73,9927
263,12/11/2020,Shoshanna,Agender,87,6662
264,6/30/2020,Ella,Bigender,48,
265,12/22/2020,Althea,Bigender,68,1202
266,7/1/2020,Lucina,Agender,14,
267,5/8/2021,Kaspar,Female,61,2936
268,12/31/2020,Monte,Bigender,51,6929
269,11/3/2020,Allyson,Bigender,82,2835
270,7/25/2020,,Male,32,1106
271,8/5/2020,Paulita,Polygender,47,2687
272,7/19/2020,Orly,Polygender,,3746
273,5/3/2021,Alyssa,Polygender,59,5552
274,11/4/2020,Jen,Agender,73,6068
275,10/2/2020,Burt,Bigender,94,7588
276,10/26/2020,Lois,Bigender,42,7809
277,9/16/2020,Kermie,Male,52,2873
278,1/1/2021,Nealy,Non-binary,84,8821
279,8/12/2020,Fiann,Genderfluid,67,6966
280,3/10/2021,Louisette,Non-binary,50,9725
281,6/22/2020,Florie,Bigender,70,4529
282,12/11/2020,Ivar,Genderqueer,95,2739
283,12/29/2020,,Male,31,9926
284,11/24/2020,Kathy,Female,46,6422
285,11/22/2020,Shannah,Male,60,6699
286,12/9/2020,Dodie,Agender,,9252
287,7/8/2020,Dermot,Agender,57,6061
288,10/21/2020,Claybourne,Male,25,5299
289,12/22/2020,Cherilynn,Agender,84,7319
290,10/29/2020,Amaleta,Polygender,9,5528
291,10/6/2020,Fitzgerald,Agender,15,1775
292,5/13/2021,Lora,Non-binary,46,4145
293,1/2/2021,Teodor,Female,35,8875
294,8/25/2020,Di,Female,,7332
295,10/15/2020,Ursa,Genderfluid,15,
296,11/14/2020,Elwin,Genderfluid,36,7844
297,8/24/2020,Oby,Bigender,48,
298,3/12/2021,Cash,Male,93,5653
299,3/5/2021,Timothea,Polygender,73,9617
300,5/2/2021,Robena,Bigender,,5040
301,3/7/2021,Ivette,Bigender,50,3942
302,4/23/2021,,Non-binary,27,7617
303,10/12/2020,Duff,Female,98,7025
304,7/6/2020,Stefania,,56,9929
305,1/24/2021,Jeremie,Bigender,40,2736
306,12/31/2020,Hildegarde,Genderqueer,86,5279
307,9/21/2020,Elvyn,,80,3177
308,11/12/2020,Biddy,Bigender,64,
309,1/31/2021,Dan,Bigender,2,5378
310,9/1/2020,Aridatha,Polygender,69,9233
311,9/11/2020,Karlen,Genderfluid,93,4277
312,4/25/2021,Jon,Genderqueer,44,7060
313,2/13/2021,Tim,Genderfluid,76,8572
314,11/8/2020,Lanny,Genderfluid,43,
315,4/8/2021,Juliette,Agender,42,2743
316,5/19/2021,Beale,,39,6110
317,3/20/2021,Yetty,Bigender,31,4094
318,5/13/2021,Karlie,Genderqueer,38,4310
319,2/6/2021,Penn,Genderfluid,29,8702
320,7/16/2020,Becca,Bigender,38,
321,12/14/2020,Teddy,Genderfluid,14,8878
322,12/13/2020,Oswald,Genderqueer,41,8773
323,1/15/2021,Andrey,Non-binary,94,1242
324,1/31/2021,Merrel,Polygender,73,4463
325,8/9/2020,Charlena,Genderfluid,50,8791
326,9/29/2020,Imelda,Bigender,13,8736
327,8/28/2020,Yanaton,Genderqueer,96,7990
328,3/11/2021,Bjorn,Polygender,12,9673
329,12/29/2020,Vally,Bigender,85,6075
330,11/28/2020,Dione,Non-binary,,8725
331,11/20/2020,Mercie,Male,5,3190
332,5/11/2021,Ardra,,14,
333,9/28/2020,Jonell,Female,11,6781
334,5/23/2021,Scotti,Male,7,9403
335,11/30/2020,Cicily,Female,21,6091
336,2/10/2021,Libbey,Genderqueer,39,6462
337,4/24/2021,Zorah,Genderqueer,17,7479
338,3/20/2021,Bayard,Agender,9,6777
339,2/23/2021,Alvinia,Female,6,2038
340,1/9/2021,Julee,Bigender,18,4750
341,6/23/2020,Jessi,Non-binary,65,4064
342,4/22/2021,Homere,Female,90,2012
343,2/8/2021,Hugo,Female,10,8561
344,11/30/2020,Hildegaard,Genderqueer,47,2947
345,1/13/2021,Brucie,Bigender,70,5620
346,3/7/2021,Lezlie,Agender,49,6798
347,11/16/2020,Anatola,Polygender,93,7746
348,3/16/2021,Nari,Genderqueer,86,3190
349,2/8/2021,Anjanette,Agender,99,7705
350,5/4/2021,Nikaniki,Non-binary,69,
351,10/28/2020,Northrop,Polygender,1,1846
352,4/7/2021,Burnaby,Genderqueer,43,9241
353,4/14/2021,Tabbie,Female,18,3058
354,12/19/2020,,Agender,54,6467
355,10/22/2020,Mathias,Polygender,44,9618
356,2/3/2021,Joseph,Genderqueer,92,2605
357,1/31/2021,Trip,Female,62,8056
358,9/7/2020,Clovis,Bigender,13,1910
359,12/8/2020,Conrado,Genderqueer,32,4093
360,4/15/2021,Dorotea,Male,36,8015
361,12/17/2020,Staffard,Genderfluid,10,9338
362,1/9/2021,Nat,Genderfluid,37,
363,3/20/2021,Harrietta,Non-binary,17,7930
364,10/17/2020,Ike,Female,,2747
365,11/27/2020,Dene,Genderfluid,52,4425
366,10/21/2020,Galvan,Agender,98,9353
367,12/17/2020,Bathsheba,Female,100,
368,6/22/2020,Byran,Bigender,49,8110
369,6/13/2020,Alleyn,Genderqueer,40,3449
370,10/14/2020,Dorella,Polygender,33,7153
371,4/30/2021,Elisha,Agender,,8604
372,8/5/2020,Rebekah,Genderqueer,18,3379
373,3/10/2021,Alexis,Non-binary,87,7054
374,10/4/2020,Roma,Female,76,1300
375,1/23/2021,Rita,Genderfluid,55,
376,6/29/2020,Raffaello,Female,15,9299
377,3/12/2021,Katrinka,Bigender,82,6597
378,5/19/2021,Lek,Polygender,20,8039
379,4/14/2021,Lombard,Female,77,3839
380,1/4/2021,Boycie,Polygender,76,2063
381,3/15/2021,Vivi,Polygender,4,6350
382,7/10/2020,Carolee,,18,9625
383,4/18/2021,Maddie,Bigender,79,6419
384,2/11/2021,Sampson,Female,49,2773
385,4/5/2021,Pryce,Female,27,3047
386,3/3/2021,Ronny,Agender,65,1646
387,4/4/2021,Gram,Bigender,74,6643
388,2/17/2021,Teodorico,Bigender,73,3236
389,4/7/2021,Coletta,Non-binary,,8593
390,12/24/2020,Lesly,Female,29,2318
391,3/16/2021,Cornelia,Polygender,77,
392,12/25/2020,Teddie,Male,85,9652
393,10/12/2020,Bernice,Agender,1,8124
394,5/22/2021,,Polygender,12,
395,2/16/2021,Paten,Non-binary,49,6141
396,7/11/2020,Enrique,Agender,51,2179
397,8/16/2020,Kendal,Genderqueer,11,2869
398,4/18/2021,Delinda,Male,90,6473
399,2/20/2021,Melody,Male,43,4008
400,6/7/2021,,Agender,99,9125
401,8/16/2020,Claire,Genderqueer,16,4084
402,1/18/2021,Scarlett,Genderqueer,19,7764
403,8/9/2020,Enrico,Male,77,6673
404,1/12/2021,Jemmy,Genderfluid,81,6223
405,11/24/2020,Jeanna,Female,65,6528
406,1/27/2021,Ange,Genderqueer,14,4440
407,1/23/2021,Vick,Genderfluid,96,6553
408,3/7/2021,Trueman,Bigender,14,5968
409,11/9/2020,,Bigender,71,6905
410,4/6/2021,Huey,Polygender,,5751
411,8/16/2020,Berkley,Bigender,76,2275
412,3/26/2021,Antonella,Male,48,8057
413,5/6/2021,Louisette,Non-binary,58,2958
414,4/23/2021,Arlen,Polygender,91,1611
415,3/2/2021,Hugues,Male,85,8667
416,12/31/2020,Ezequiel,Male,64,2149
417,1/2/2021,Larina,Polygender,,8495
418,10/26/2020,Peterus,Genderfluid,93,3054
419,8/17/2020,Mariette,Agender,74,9739
420,12/4/2020,Elsie,Agender,64,8110
421,11/2/2020,Keefe,Male,,6976
422,7/25/2020,Margit,Agender,81,7300
423,12/19/2020,Derrik,Agender,55,4532
424,12/8/2020,Matilde,Genderqueer,71,7517
425,6/2/2021,Griffy,Male,63,5554
426,10/16/2020,Amelia,,,1590
427,6/7/2021,Terrence,Female,12,1228
428,6/30/2020,Jen,Non-binary,22,3123
429,8/4/2020,Grata,Male,9,6142
430,9/5/2020,Donny,Agender,19,4450
431,8/20/2020,Hillyer,Male,18,8225
432,4/22/2021,West,Female,26,2572
433,8/23/2020,Orel,Bigender,20,
434,3/18/2021,Sharron,Genderqueer,7,9804
435,7/29/2020,Grete,Bigender,58,4544
436,6/25/2020,Selie,Genderfluid,19,7498
437,2/16/2021,Chandal,Non-binary,52,7423
438,3/21/2021,Lamar,Bigender,89,6008
439,3/2/2021,Arne,Genderqueer,71,6463
440,5/10/2021,Cordelia,Non-binary,25,3171
441,3/3/2021,Giraldo,Genderfluid,48,1194
442,10/5/2020,,Genderqueer,15,3504
443,8/25/2020,Matthaeus,Genderfluid,34,8002
444,,Maddie,Non-binary,28,2005
445,6/1/2021,Chrystel,Male,15,7968
446,12/12/2020,Muffin,Polygender,87,4519
447,10/31/2020,Ivan,Polygender,76,5200
448,4/22/2021,Agneta,Genderfluid,8,9943
449,2/24/2021,Marti,Male,65,
450,8/5/2020,Andee,Bigender,5,4159
451,9/16/2020,Claudette,Genderqueer,34,1336
452,2/17/2021,Homer,Female,17,4574
453,1/18/2021,,Genderqueer,36,8744
454,6/10/2020,Nicki,Non-binary,52,6002
455,8/22/2020,Godfrey,Female,33,3027
456,3/27/2021,Ricard,Bigender,7,8169
457,12/18/2020,Marcille,Genderqueer,59,9333
458,6/10/2020,Ewen,Non-binary,47,7163
459,9/23/2020,Hansiain,Male,44,4358
460,8/8/2020,Clovis,Non-binary,50,3367
461,2/23/2021,Celine,,39,2953
462,8/12/2020,Corena,Female,49,8120
463,4/4/2021,Iormina,Male,49,7262
464,11/11/2020,Nonna,Agender,94,9871
465,10/28/2020,Koren,,79,6885
466,1/31/2021,Haven,Male,4,
467,12/23/2020,Dulcea,Agender,100,2431
468,6/20/2020,Odetta,Agender,14,9060
469,12/22/2020,Masha,Genderfluid,83,3009
470,2/22/2021,Jyoti,Non-binary,65,1398
471,4/13/2021,Marjie,Agender,11,3026
472,8/23/2020,Lynne,Agender,99,9602
473,12/31/2020,Latashia,Bigender,63,1466
474,11/23/2020,Marten,Polygender,53,8500
475,4/18/2021,Tina,Non-binary,68,6817
476,4/16/2021,Christina,Genderqueer,77,9060
477,1/14/2021,Lavinie,Genderfluid,87,9797
478,2/27/2021,Aylmar,Female,3,9183
479,1/27/2021,Adrian,Agender,38,7054
480,6/6/2021,Eal,,100,6423
481,2/27/2021,Lou,Bigender,80,9092
482,11/29/2020,Natasha,Polygender,51,2849
483,3/11/2021,Sidoney,Female,58,
484,11/5/2020,Doyle,Male,17,4573
485,3/30/2021,Edithe,Bigender,53,9036
486,10/17/2020,Lowrance,Non-binary,100,9490
487,6/30/2020,Marybelle,Male,19,1989
488,11/13/2020,Bunnie,Non-binary,81,4788
489,4/16/2021,Darwin,Genderfluid,57,9246
490,6/25/2020,Royall,Agender,99,8071
491,11/14/2020,Jarrid,Bigender,75,1764
492,7/22/2020,Gilberta,Genderqueer,40,1398
493,1/10/2021,Domenic,Genderqueer,15,7822
494,2/10/2021,Belita,Agender,32,9278
495,10/29/2020,Marv,Non-binary,80,3805
496,7/4/2020,Karyl,Genderqueer,14,6775
497,9/18/2020,Celinda,Non-binary,44,5458
498,12/17/2020,Danell,,46,9287
499,3/29/2021,Bail,Non-binary,31,8508
500,11/15/2020,Franklyn,Male,31,1991
501,11/2/2020,Arley,Genderqueer,72,7416
502,11/2/2020,Danny,Polygender,49,
503,10/26/2020,Frannie,Female,8,6034
504,11/26/2020,Mala,Genderqueer,58,9443
505,10/3/2020,Ivonne,Female,14,7629
506,10/30/2020,Abner,Female,86,1769
507,4/3/2021,Charil,Non-binary,35,
508,4/8/2021,Gearalt,Male,15,8459
509,1/30/2021,Graig,Female,60,4333
510,6/28/2020,Nanette,Bigender,48,9675
511,5/6/2021,Odo,Agender,33,4158
512,9/23/2020,Paul,Bigender,36,7053
513,4/19/2021,Gertrud,Genderqueer,91,1981
514,,Minne,Genderqueer,26,9712
515,8/6/2020,Gabriel,Polygender,53,1907
516,4/8/2021,Gareth,Bigender,85,1196
517,8/30/2020,Corene,Genderfluid,54,6388
518,8/26/2020,Pandora,Genderfluid,100,4408
519,1/31/2021,Kayley,Non-binary,13,2608
520,11/27/2020,Eustacia,Non-binary,60,
521,11/29/2020,Maryrose,Genderfluid,75,3214
522,10/30/2020,Swen,Male,,3460
523,9/23/2020,Kerry,Bigender,49,3017
524,7/28/2020,Alfreda,Agender,49,8207
525,11/15/2020,Wang,Genderfluid,47,3484
526,4/23/2021,Aindrea,Bigender,82,1973
527,6/24/2020,Riannon,Male,85,5417
528,11/2/2020,Thedric,Polygender,71,1014
529,2/16/2021,Fey,Male,94,5935
530,7/30/2020,Saundra,Agender,77,6088
531,4/22/2021,Stormi,Bigender,96,8391
532,2/14/2021,Ynez,Male,11,8989
533,4/11/2021,Morry,Agender,36,1086
534,12/14/2020,Lefty,Male,33,3818
535,9/22/2020,Nan,Non-binary,93,6406
536,4/30/2021,Gerome,Agender,28,4726
537,9/26/2020,Babette,Female,81,7233
538,7/28/2020,Corey,Male,38,7771
539,12/23/2020,Laureen,Non-binary,30,6621
540,9/5/2020,,Polygender,67,1354
541,2/5/2021,Moses,,51,1302
542,10/8/2020,Burt,Genderfluid,11,
543,5/25/2021,Adlai,Genderqueer,39,4240
544,8/12/2020,Dana,Agender,5,5512
545,6/29/2020,Devora,Polygender,53,8576
546,3/24/2021,Nicolas,Genderqueer,62,7274
547,4/10/2021,Caresse,Genderqueer,81,7739
548,8/29/2020,Ronni,Polygender,34,5567
549,12/23/2020,Ofella,Non-binary,88,9774
550,10/6/2020,Rube,Genderqueer,12,5404
551,4/5/2021,Early,Genderqueer,50,4357
552,4/29/2021,Hernando,Female,46,9578
553,9/29/2020,Kalinda,Female,82,3947
554,8/21/2020,Eadith,Agender,61,9642
555,5/19/2021,Ninetta,Non-binary,82,1705
556,2/4/2021,Otho,Non-binary,31,2517
557,10/22/2020,Miner,Male,36,3289
558,11/4/2020,Aldric,,73,1395
559,3/9/2021,Phyllis,Bigender,54,
560,4/25/2021,Olenka,Genderfluid,79,5836
561,6/15/2020,Aggy,Genderfluid,63,1781
562,4/27/2021,Lou,Non-binary,17,2454
563,8/12/2020,Cal,Agender,75,1617
564,2/5/2021,Amalee,Non-binary,81,
565,3/6/2021,Janene,Non-binary,38,3777
566,9/15/2020,Kamillah,Polygender,91,7290
567,,Killian,Male,14,9651
568,2/26/2021,Tiena,Female,47,
569,3/7/2021,Casie,Female,39,2350
570,1/3/2021,Fitz,Non-binary,52,5120
571,2/5/2021,Jameson,Male,28,5979
572,7/10/2020,Perrine,Bigender,11,7323
573,7/20/2020,Melesa,Bigender,94,
574,3/1/2021,Ax,Male,13,7106
575,7/11/2020,Thibaut,Genderfluid,27,9244
576,,Lydie,Genderfluid,81,9229
577,3/21/2021,Emma,Agender,28,8632
578,3/6/2021,Loella,Genderqueer,66,
579,12/2/2020,Kahaleel,Bigender,4,1502
580,9/19/2020,Arlin,Genderqueer,90,3548
581,7/31/2020,Adi,Polygender,93,1561
582,2/3/2021,Reggis,Genderfluid,76,5663
583,1/19/2021,Rodi,Bigender,48,9073
584,5/22/2021,Alejandro,Agender,92,6459
585,1/10/2021,Jacquetta,Agender,6,3074
586,8/31/2020,Lanny,Genderfluid,98,8789
587,3/4/2021,Odella,Polygender,32,7672
588,2/28/2021,Kerry,Male,1,2160
589,11/6/2020,Jodee,Polygender,53,5713
590,4/24/2021,Alisander,Agender,55,6529
591,10/14/2020,Briggs,Female,61,5237
592,1/23/2021,Rakel,Female,36,
593,2/23/2021,Lane,Polygender,61,3237
594,7/3/2020,Adeline,Genderqueer,18,6774
595,5/19/2021,,Male,12,6659
596,11/23/2020,Hercules,Bigender,95,8164
597,4/22/2021,Marga,Non-binary,79,6552
598,5/6/2021,Gabriela,Genderqueer,26,6111
599,4/25/2021,Natassia,Male,91,4778
600,4/10/2021,Gibbie,Genderfluid,58,7888
601,5/6/2021,Cynthy,Non-binary,20,8728
602,1/17/2021,Collen,Non-binary,20,5811
603,1/21/2021,Gipsy,Female,96,7171
604,10/4/2020,Obie,Non-binary,37,6330
605,3/9/2021,Fletch,Polygender,88,2740
606,3/10/2021,Iggie,Genderqueer,59,2073
607,10/17/2020,Adey,Non-binary,44,9829
608,,,Bigender,76,2320
609,3/27/2021,Marcia,Female,99,
610,7/10/2020,Wynne,Genderqueer,90,8242
611,6/16/2020,Clive,Female,90,9599
612,7/21/2020,Katha,Polygender,43,2691
613,3/16/2021,Mattie,Female,51,5744
614,2/28/2021,Lay,Genderfluid,60,1389
615,11/10/2020,Christy,Female,45,
616,3/14/2021,Hodge,Bigender,42,9748
617,2/19/2021,Jacinta,Non-binary,45,4901
618,8/27/2020,Odo,Bigender,3,1776
619,3/3/2021,Kylila,Bigender,75,5637
620,4/4/2021,Lynsey,Genderqueer,49,1597
621,8/29/2020,Milly,Bigender,57,4225
622,9/7/2020,Lauretta,Polygender,7,9930
623,8/11/2020,Tildy,Genderqueer,95,7634
624,6/24/2020,Mohandis,Agender,2,2652
625,2/21/2021,Dacy,Female,27,4882
626,4/10/2021,Maybelle,Genderqueer,13,2551
627,2/23/2021,Silvano,Male,58,9231
628,10/8/2020,Nance,Genderfluid,47,3564
629,5/19/2021,Caryl,Polygender,88,1251
630,10/20/2020,Ritchie,Bigender,99,9552
631,12/4/2020,Noel,Female,25,6944
632,3/5/2021,Cull,Polygender,66,4211
633,10/23/2020,Read,,93,6347
634,10/12/2020,Freeland,Bigender,10,7434
635,10/6/2020,Talbert,Genderqueer,17,6336
636,9/18/2020,Vitoria,Polygender,90,1861
637,7/7/2020,Lynett,Polygender,40,4124
638,11/2/2020,Calley,Polygender,77,2802
639,7/26/2020,Sibilla,Non-binary,91,1454
640,9/2/2020,Corbet,Polygender,31,7980
641,3/10/2021,Elaina,Agender,,2168
642,10/1/2020,Eleonore,Genderfluid,61,3114
643,8/16/2020,Lexine,Male,80,
644,1/25/2021,Estell,Genderqueer,21,5377
645,8/11/2020,Gussy,Genderfluid,57,9593
646,3/31/2021,Felicio,Polygender,18,9207
647,,Travers,Agender,45,7593
648,9/1/2020,Marcellina,Polygender,18,9493
649,8/5/2020,Drake,Genderqueer,43,3673
650,2/1/2021,,Non-binary,21,9540
651,9/30/2020,Danyette,Genderqueer,9,9528
652,2/13/2021,Bertie,Female,62,2327
653,3/28/2021,Brooks,Agender,57,1654
654,8/8/2020,Shantee,Genderfluid,,4183
655,3/22/2021,Glennis,Male,90,8365
656,10/31/2020,Sanson,Agender,80,5543
657,4/21/2021,Elsi,Female,79,4210
658,8/26/2020,Starlin,Male,83,3413
659,6/14/2020,Barbaraanne,Genderfluid,95,8320
660,10/28/2020,Eli,Agender,3,5440
661,12/2/2020,Hyacinthe,Female,29,9519
662,5/17/2021,Sioux,Non-binary,68,8078
663,12/6/2020,Edee,Female,56,3185
664,10/16/2020,Patton,Genderfluid,97,9685
665,5/21/2021,Rodd,Bigender,83,7417
666,5/30/2021,Crissie,Genderfluid,42,2369
667,11/5/2020,Rip,Genderfluid,92,1926
668,3/3/2021,Jessamine,Polygender,,7880
669,3/2/2021,Jamison,Non-binary,,1487
670,11/1/2020,Hedwig,Male,83,9386
671,9/25/2020,Erina,Polygender,95,5574
672,4/4/2021,Nickey,Genderfluid,17,6798
673,1/14/2021,Norina,Male,9,3474
674,5/24/2021,Claudianus,Non-binary,17,3478
675,10/10/2020,Hilton,Female,44,7520
676,6/1/2021,Bambie,Male,,1756
677,6/4/2021,Darb,Agender,,9857
678,10/1/2020,Uri,Bigender,,3532
679,8/24/2020,Hogan,Genderfluid,2,8835
680,8/25/2020,Fidelity,Non-binary,77,3971
681,10/25/2020,Tomasina,Agender,35,7040
682,10/11/2020,Artie,Polygender,28,7830
683,11/20/2020,Cyrill,Agender,23,5076
684,2/16/2021,Morton,Male,15,3774
685,6/30/2020,Brittne,Genderqueer,41,4840
686,5/23/2021,Karena,Genderqueer,94,5046
687,12/8/2020,Karlan,Genderqueer,37,5467
688,6/23/2020,Durant,Agender,52,3573
689,7/20/2020,Buddy,,44,7978
690,12/4/2020,Berenice,Non-binary,8,5728
691,3/7/2021,Andrej,Genderqueer,65,5200
692,3/27/2021,Zorine,Genderfluid,31,6013
693,3/31/2021,Cynthie,Agender,,2486
694,11/17/2020,Glennis,Genderqueer,94,
695,10/5/2020,Meridith,Female,88,5301
696,8/30/2020,Teri,Agender,30,8904
697,12/18/2020,Margarette,Non-binary,55,2240
698,5/31/2021,Dodie,Polygender,62,2473
699,9/10/2020,Averill,Genderqueer,99,2783
700,3/18/2021,Drucy,Female,48,6485
701,5/9/2021,Consuela,Genderfluid,28,4646
702,12/19/2020,Shelley,Agender,82,1509
703,8/23/2020,Arleta,Bigender,56,5330
704,7/3/2020,Morton,Non-binary,31,3256
705,1/3/2021,Merrel,Agender,84,9358
706,1/28/2021,Lucky,Female,29,7298
707,7/30/2020,,Female,36,4298
708,9/19/2020,Antoinette,Bigender,12,4129
709,7/4/2020,Gray,Polygender,76,8558
710,5/19/2021,Ketti,Genderfluid,94,1322
711,10/1/2020,Chicky,Genderfluid,10,1793
712,6/24/2020,Renae,Female,99,7588
713,12/10/2020,Fidel,Female,27,2930
714,9/18/2020,Burty,,15,3948
715,8/11/2020,Sheilakathryn,Genderqueer,84,2782
716,12/10/2020,Edyth,Polygender,60,6185
717,9/5/2020,Fawne,Agender,53,5226
718,7/4/2020,Tymon,Bigender,,7085
719,3/15/2021,Merrill,Polygender,22,3932
720,10/29/2020,Fancy,Genderqueer,41,1402
721,8/22/2020,Rosanne,Genderqueer,72,4817
722,10/23/2020,,Genderfluid,93,9172
723,9/28/2020,Bronnie,Male,14,7694
724,5/18/2021,Freddie,Genderqueer,87,2566
725,2/17/2021,Corliss,Genderqueer,34,1690
726,6/3/2021,Allx,Female,46,3094
727,3/21/2021,Kristal,Polygender,48,2801
728,12/11/2020,Cord,Bigender,62,2812
729,5/23/2021,Alane,Female,24,7129
730,2/20/2021,Jarrid,Agender,9,7821
731,5/10/2021,Corene,Bigender,2,5182
732,9/2/2020,Pieter,Female,12,8744
733,5/12/2021,Langsdon,Polygender,37,7243
734,11/2/2020,Wendall,Polygender,23,2861
735,1/16/2021,Wallis,Genderqueer,5,3858
736,2/26/2021,Austina,Bigender,94,3554
737,5/18/2021,Wang,Male,58,6945
738,7/20/2020,Angie,Agender,30,4776
739,8/26/2020,Lothaire,Genderqueer,63,2690
740,11/9/2020,Samuel,Polygender,82,1019
741,3/18/2021,Nonie,Non-binary,,
742,12/10/2020,Vin,Genderfluid,29,3932
743,2/5/2021,Rozelle,Genderfluid,39,5069
744,12/13/2020,Marlowe,Bigender,,8556
745,4/21/2021,Daniella,Genderfluid,67,6563
746,6/27/2020,Ddene,,84,4480
747,10/12/2020,Chico,Female,53,1574
748,9/21/2020,Nickolaus,Agender,100,3491
749,7/5/2020,,Polygender,1,1048
750,12/1/2020,Meryl,Agender,19,
751,4/19/2021,Vivie,Genderfluid,44,9183
752,4/25/2021,Danette,Genderfluid,13,6356
753,7/1/2020,Lula,Female,39,3715
754,5/11/2021,Renate,Genderfluid,79,1074
755,7/16/2020,Dawn,Non-binary,33,6223
756,4/12/2021,Torrence,Male,74,
757,6/29/2020,Jonie,Genderqueer,3,
758,12/9/2020,Ola,,76,9250
759,9/26/2020,Griffin,Male,6,
760,4/19/2021,Briano,Bigender,85,9128
761,12/10/2020,Cammy,Female,63,4181
762,4/16/2021,Andre,Male,40,8246
763,2/3/2021,Bertrando,Non-binary,19,4536
764,4/1/2021,Bondie,Genderfluid,22,7707
765,6/24/2020,Paten,Polygender,81,3703
766,11/23/2020,Mace,Bigender,31,7264
767,5/28/2021,Emelia,Non-binary,36,5955
768,8/31/2020,Deloria,Genderqueer,40,
769,7/17/2020,Hilda,Bigender,21,8427
770,4/8/2021,Zondra,Bigender,8,7368
771,1/12/2021,Thor,Male,12,5093
772,9/25/2020,Ed,Bigender,28,3763
773,9/27/2020,Aymer,Polygender,,2264
774,2/14/2021,Joellyn,Agender,7,9305
775,,Carmelita,Genderqueer,35,8977
776,12/13/2020,Rubetta,Male,46,8561
777,3/5/2021,Gannie,Agender,57,8812
778,4/23/2021,Leigh,Genderqueer,57,3520
779,4/26/2021,Deanne,Female,61,8656
780,11/20/2020,Brynne,Male,18,6766
781,5/1/2021,Valdemar,Genderfluid,57,1085
782,6/12/2020,Vinnie,Female,86,9942
783,3/4/2021,Amber,Polygender,67,2058
784,9/7/2020,Mercedes,Polygender,99,8560
785,1/9/2021,Neron,Male,12,8613
786,5/26/2021,Korney,Bigender,44,2213
787,7/25/2020,Tildie,Non-binary,94,7453
788,8/4/2020,Rogerio,Polygender,39,9250
789,10/20/2020,Carmine,Bigender,75,3975
790,4/9/2021,Caleb,Agender,100,9795
791,6/5/2021,Richart,Male,49,9828
792,7/10/2020,Cinnamon,Polygender,30,5314
793,4/26/2021,Karna,Agender,68,3458
794,8/26/2020,Estevan,Male,,2506
795,8/27/2020,Stafani,Genderqueer,4,3287
796,3/10/2021,Tabor,Male,13,6349
797,2/28/2021,Gerard,Female,58,9621
798,5/23/2021,Gauthier,Genderqueer,58,8033
799,7/9/2020,Prinz,Male,24,5149
800,2/8/2021,Drucie,Genderqueer,25,3586
801,3/1/2021,Eveline,Female,34,8346
802,12/17/2020,Lief,Agender,79,3358
803,7/20/2020,Cobb,Genderfluid,67,4708
804,7/13/2020,Carroll,Male,79,7650
805,7/8/2020,Aloin,Non-binary,57,2231
806,3/27/2021,Justen,Male,57,3955
807,4/8/2021,Trace,Genderqueer,4,8402
808,7/21/2020,Janna,Non-binary,85,5015
809,9/27/2020,Gene,Agender,58,5811
810,9/7/2020,Donni,Agender,35,5039
811,1/30/2021,Gerri,Female,89,3536
812,8/17/2020,Shelton,Female,52,6914
813,2/20/2021,Thayne,Bigender,82,5344
814,2/14/2021,Shayla,,70,6017
815,10/14/2020,Zia,Non-binary,98,
816,9/29/2020,Queenie,Genderqueer,59,2978
817,5/5/2021,Deny,Agender,73,5579
818,1/24/2021,,Female,21,7743
819,5/21/2021,Rina,Non-binary,24,3690
820,8/19/2020,Brietta,Agender,27,1961
821,1/21/2021,Haley,Non-binary,48,7168
822,8/26/2020,Arin,Genderqueer,32,4901
823,5/12/2021,Hillard,Genderfluid,79,
824,11/4/2020,Dorolisa,Polygender,85,2944
825,2/19/2021,Yuri,Polygender,68,
826,4/20/2021,Rahal,Male,19,9790
827,11/27/2020,Roseann,Non-binary,42,
828,4/17/2021,Meir,Genderqueer,71,6463
829,2/1/2021,Joletta,Genderqueer,89,3614
830,9/17/2020,Karoline,Agender,80,3496
831,2/4/2021,Ashlan,Polygender,92,1307
832,3/10/2021,Briana,Agender,51,8208
833,8/28/2020,Mandie,Non-binary,77,1437
834,10/13/2020,Krystle,Male,25,8867
835,1/16/2021,Sabrina,Bigender,30,2229
836,6/30/2020,Emmye,Genderqueer,98,
837,9/20/2020,Ellswerth,Male,51,4169
838,4/23/2021,Gale,Male,80,2682
839,8/26/2020,Jojo,Non-binary,94,3387
840,6/19/2020,Gannon,Non-binary,49,8884
841,3/29/2021,Eryn,Agender,98,8124
842,12/2/2020,Dulci,Non-binary,31,4613
843,11/5/2020,Cherish,Non-binary,70,3871
844,12/12/2020,Jaclyn,Genderqueer,31,5639
845,1/20/2021,Griffy,Polygender,60,
846,6/21/2020,Stormy,Male,74,1407
847,11/24/2020,Bernadene,Male,1,
848,4/14/2021,Terrance,Non-binary,18,
849,8/12/2020,Tommie,Female,20,1850
850,12/25/2020,Brena,Polygender,96,9408
851,4/7/2021,Godfry,Genderqueer,69,7012
852,4/1/2021,Ellyn,Genderfluid,80,8033
853,9/6/2020,Elizabeth,Polygender,16,9189
854,8/21/2020,Vivyan,Bigender,27,3776
855,1/15/2021,Mikey,Non-binary,59,9842
856,11/8/2020,Kellen,Polygender,38,8617
857,11/14/2020,Duff,Bigender,34,2708
858,3/19/2021,Berton,Non-binary,73,4493
859,4/20/2021,Katrinka,Genderfluid,61,2194
860,10/22/2020,Joanie,Polygender,80,6283
861,7/29/2020,,Non-binary,29,4798
862,5/9/2021,Sunny,Non-binary,26,3281
863,11/26/2020,Loutitia,Agender,19,6881
864,1/25/2021,Dora,Genderqueer,56,2579
865,9/12/2020,Madelle,Genderqueer,55,9808
866,7/12/2020,Tommie,Agender,25,5359
867,9/28/2020,,Male,12,1763
868,11/22/2020,Bryn,Agender,27,9885
869,12/24/2020,Marylinda,Genderfluid,61,8335
870,1/21/2021,Clayson,Genderqueer,37,4775
871,6/7/2021,Gillan,Polygender,28,8250
872,2/19/2021,Daryl,Non-binary,58,6810
873,12/13/2020,Emlen,Genderqueer,48,6470
874,7/11/2020,Arthur,Polygender,,1735
875,7/15/2020,Gilberta,Agender,91,2315
876,6/28/2020,Kial,Female,6,1383
877,3/11/2021,Ninette,Genderfluid,16,5979
878,4/20/2021,Suzann,Genderfluid,58,1465
879,5/17/2021,Silvio,Non-binary,83,
880,6/23/2020,Jeni,Agender,60,6111
881,5/9/2021,Blakeley,Genderfluid,20,3088
882,3/27/2021,Jeanna,Genderqueer,87,8089
883,5/3/2021,Odessa,Genderqueer,91,6510
884,7/5/2020,Sondra,Male,7,8244
885,6/8/2020,Virgie,Non-binary,61,8748
886,12/22/2020,Travers,Bigender,60,8497
887,8/16/2020,Niki,Bigender,81,5108
888,2/5/2021,Sebastien,Female,46,2135
889,9/25/2020,Erhart,,74,4653
890,2/20/2021,Gran,Male,60,9964
891,11/2/2020,Randolf,Genderqueer,93,5594
892,6/29/2020,Maurita,Polygender,51,
893,10/15/2020,Flossy,Male,57,5211
894,6/18/2020,Lowell,Male,91,2866
895,9/14/2020,Cynthea,Male,48,1368
896,,Rafaelia,Bigender,10,8150
897,2/26/2021,Torry,Genderfluid,62,8038
898,7/26/2020,Gertrud,Genderqueer,1,8518
899,,Dudley,Genderqueer,81,5331
900,11/10/2020,Seana,Genderqueer,36,5354
901,9/11/2020,Yoshiko,Polygender,36,2971
902,10/31/2020,Ritchie,Male,51,3276
903,7/12/2020,Myrtia,Polygender,,2051
904,11/28/2020,Cy,Female,16,1546
905,3/22/2021,Debor,Genderfluid,52,1741
906,7/6/2020,Pam,Genderfluid,32,8451
907,4/13/2021,Nickie,Genderqueer,7,1447
908,12/11/2020,,Male,,5425
909,8/12/2020,Gunner,Bigender,89,9907
910,3/13/2021,Bianka,Polygender,73,5030
911,11/25/2020,Patricio,Male,4,6786
912,9/30/2020,Gussi,Female,10,6543
913,8/30/2020,Ester,Non-binary,34,7844
914,4/7/2021,Dante,,72,8438
915,8/3/2020,Malinde,Non-binary,66,5834
916,9/10/2020,Ranee,Non-binary,94,6918
917,7/5/2020,Brigham,Non-binary,25,2554
918,6/30/2020,Twila,Genderfluid,99,
919,10/8/2020,Brod,Non-binary,47,3634
920,2/19/2021,Barbi,Genderfluid,65,
921,4/24/2021,Ripley,Male,84,1000
922,1/7/2021,Sharai,Genderqueer,77,5424
923,5/24/2021,Pollyanna,Agender,21,2403
924,6/3/2021,Joete,Male,70,8137
925,3/10/2021,Hillel,Male,66,4400
926,1/5/2021,Annabela,Polygender,,7189
927,5/25/2021,Cassy,Polygender,78,4691
928,11/3/2020,Alice,Non-binary,83,8285
929,5/25/2021,,Genderqueer,42,7472
930,9/20/2020,Nefen,Non-binary,49,4026
931,5/12/2021,Adi,Male,64,8328
932,9/22/2020,Micky,Agender,64,5351
933,11/9/2020,Vince,Genderfluid,37,9073
934,1/27/2021,Humberto,Agender,29,5696
935,3/3/2021,Lory,Genderfluid,32,
936,3/2/2021,Shelbi,Agender,57,2724
937,8/5/2020,Letta,Genderfluid,35,9130
938,11/20/2020,,Non-binary,50,2713
939,4/18/2021,Fiona,Bigender,19,9556
940,11/6/2020,Marcello,Genderfluid,83,9632
941,5/26/2021,Dana,Male,94,8170
942,7/29/2020,Tani,Female,79,3413
943,10/6/2020,Shir,Bigender,12,3269
944,3/30/2021,Brana,Genderfluid,12,2913
945,8/21/2020,Zacharie,Bigender,31,2900
946,12/16/2020,Fania,Genderfluid,40,5366
947,8/7/2020,Brody,Non-binary,38,4134
948,6/16/2020,Magnum,Bigender,56,7109
949,10/26/2020,Whitaker,Genderfluid,54,8088
950,10/17/2020,Reinold,Agender,66,9947
951,9/27/2020,Juan,Male,87,4231
952,12/15/2020,Appolonia,Male,75,7670
953,3/8/2021,Sara,Genderqueer,54,1233
954,,Olivero,Non-binary,77,2378
955,8/5/2020,Keriann,Genderfluid,29,
956,9/11/2020,Hillier,Agender,92,8793
957,5/18/2021,Tobe,Male,25,3266
958,9/17/2020,Nicol,Genderfluid,46,1448
959,3/24/2021,Caryn,Genderfluid,28,
960,3/11/2021,Lanie,Agender,,1324
961,,Rudolf,Male,26,2695
962,1/29/2021,Jaye,Male,69,3387
963,7/6/2020,Fan,Genderqueer,51,5108
964,6/7/2021,Jacky,Agender,60,
965,12/19/2020,Tris,Male,53,1549
966,1/18/2021,Lauri,Genderqueer,25,3359
967,5/1/2021,Catarina,Non-binary,66,
968,8/3/2020,Yank,Non-binary,62,6872
969,7/23/2020,Marc,Female,26,4273
970,1/12/2021,Rafaelia,Polygender,34,6912
971,3/8/2021,Flossi,Male,73,6072
972,4/5/2021,Craig,Non-binary,37,1023
973,2/6/2021,Ida,Genderfluid,66,3250
974,5/15/2021,Maddalena,Genderqueer,48,6188
975,6/16/2020,Artie,Male,67,7611
976,6/18/2020,Palmer,Male,11,4617
977,12/1/2020,Lazare,Male,28,
978,10/2/2020,Glenden,Female,31,9263
979,9/11/2020,Ricky,Female,66,8351
980,3/22/2021,Thorn,Agender,59,2357
981,4/5/2021,Juliette,Male,7,3600
982,5/29/2021,Cobbie,Genderfluid,34,6009
983,10/7/2020,Klarika,Genderqueer,97,5631
984,2/23/2021,Aurore,Non-binary,24,8718
985,2/8/2021,Patric,,8,
986,4/14/2021,Constancy,Polygender,3,1881
987,12/8/2020,,Bigender,29,7502
988,1/23/2021,Maritsa,Polygender,46,3637
989,7/14/2020,Kahlil,Bigender,3,7839
990,5/3/2021,Janessa,Genderqueer,82,3990
991,5/19/2021,Annetta,Non-binary,34,6518
992,1/7/2021,Tyrone,Genderqueer,28,8288
993,11/16/2020,Kettie,Female,63,8780
994,12/1/2020,Terrill,Male,31,5596
995,4/26/2021,Tara,Genderqueer,72,8768
996,7/21/2020,Cazzie,Female,36,4146
997,2/5/2021,Janela,Non-binary,5,8557
998,7/22/2020,Ambrosius,Genderqueer,10,4825
999,4/9/2021,Sauncho,Genderfluid,79,9436
1000,3/11/2021,Garrard,Polygender,48,3074
